#{"t_start": 1617615569.6735675, "env_id": null}
r,l,t
-0.857143,7,0.525576
-0.833333,8,0.90543
-0.880952,6,1.094505
1.166667,8,1.326488
-0.880952,6,1.530434
-0.809524,9,1.878023
-0.833333,8,2.124871
-0.857143,7,2.365887
-0.833333,8,2.658979
-0.857143,7,2.876047
-9.833333,8,3.111675
1.190476,9,3.381596
-0.833333,8,3.711765
-0.880952,6,3.906321
1.214286,10,4.196611
1.119048,6,4.418721
-0.833333,8,4.673871
-9.833333,8,4.925491
1.166667,8,5.202778
-0.904762,5,5.44363
-0.904762,5,5.634169
-0.904762,5,5.818585
-0.857143,7,6.061774
1.166667,8,6.349349
-0.880952,6,6.529377
-0.833333,8,6.763508
-0.809524,9,7.092989
-0.857143,7,7.316606
-0.857143,7,7.547248
-9.833333,8,7.76419
-0.880952,6,8.022951
-9.880952,6,8.202076
1.214286,10,8.508949
-0.785714,10,8.826011
-0.833333,8,9.16227
-0.857143,7,9.399848
-0.833333,8,9.645353
-0.809524,9,10.002056
-0.880952,6,10.181238
-9.809524,9,10.430989
-0.833333,8,10.74876
-0.880952,6,10.931714
-0.857143,7,11.13758
1.166667,8,11.356685
-9.857143,7,11.605949
-0.809524,9,11.879164
-0.880952,6,12.077325
1.119048,6,12.227074
-0.904762,5,12.443886
-0.880952,6,12.631708
-0.904762,5,12.787073
-0.880952,6,12.970743
-0.880952,6,13.216598
1.095238,5,13.366315
-0.857143,7,13.587446
-0.857143,7,13.81659
-0.833333,8,14.179463
-0.833333,8,14.445326
-0.880952,6,14.639801
1.214286,10,15.004886
-0.857143,7,15.219566
-0.833333,8,15.45733
-0.833333,8,15.706413
-0.857143,7,15.993501
1.166667,8,16.238186
-0.904762,5,16.402126
-0.833333,8,16.693756
-0.857143,7,16.977897
-0.904762,5,17.132688
-0.880952,6,17.324647
1.142857,7,17.512763
-0.809524,9,17.85226
-0.880952,6,18.039296
-0.904762,5,18.213311
1.119048,6,18.39168
-0.857143,7,18.69363
-0.833333,8,18.961046
-0.880952,6,19.167093
-0.857143,7,19.398652
-0.833333,8,19.706664
-0.809524,9,19.993109
-0.880952,6,20.201619
-0.857143,7,20.480196
-0.857143,7,20.695676
-0.809524,9,20.972631
-0.857143,7,21.249827
-0.785714,10,21.562232
-0.833333,8,21.800862
-0.809524,9,22.162746
-0.857143,7,22.414671
-0.857143,7,22.680866
-0.857143,7,22.950117
-0.809524,9,23.318359
1.142857,7,23.540006
1.119048,6,23.716246
-9.833333,8,23.955013
-0.833333,8,24.303208
-0.857143,7,24.553151
-0.857143,7,24.776673
-0.880952,6,25.041698
-0.857143,7,25.261886
-0.857143,7,25.475968
-0.904762,5,25.633385
-0.761905,11,26.047388
-0.833333,8,26.297471
-0.857143,7,26.506268
-0.857143,7,26.802038
-0.880952,6,26.988355
-0.833333,8,27.240335
-0.880952,6,27.431264
-0.785714,10,27.797459
-0.904762,5,27.940148
-0.833333,8,28.167443
-0.857143,7,28.431975
-0.833333,8,28.679995
-9.785714,10,28.959544
1.142857,7,29.146245
-0.857143,7,29.428327
-0.904762,5,29.596064
-0.904762,5,29.771879
1.071429,4,29.871388
-0.809524,9,30.23088
-0.880952,6,30.441405
-0.857143,7,30.657983
-0.833333,8,30.946309
-0.880952,6,31.230997
-0.857143,7,31.448131
-0.857143,7,31.670253
-0.857143,7,31.889952
-0.880952,6,32.156586
-0.857143,7,32.371591
-0.833333,8,32.616805
-0.880952,6,32.863889
-0.880952,6,33.052005
-0.904762,5,33.199888
-0.880952,6,33.377779
1.071429,4,33.472967
-0.880952,6,33.72278
-0.880952,6,33.900331
-0.833333,8,34.143495
-0.857143,7,34.358459
-0.857143,7,34.645119
-0.880952,6,34.828631
1.095238,5,34.950262
-0.880952,6,35.12184
1.214286,10,35.457047
-0.833333,8,35.702797
-0.833333,8,35.929809
-0.809524,9,36.265198
-0.857143,7,36.483799
-0.880952,6,36.699157
-0.880952,6,36.874913
-0.880952,6,37.115884
-0.857143,7,37.31751
-0.738095,12,37.675344
-0.833333,8,37.985926
-0.857143,7,38.201667
-0.880952,6,38.385046
-0.880952,6,38.558014
-0.833333,8,38.887306
-0.833333,8,39.138751
-0.833333,8,39.373566
-0.880952,6,39.618342
-0.833333,8,39.866013
-0.880952,6,40.055779
-9.809524,9,40.283128
-0.904762,5,40.496182
-0.833333,8,40.738419
-0.857143,7,40.946786
-0.857143,7,41.220069
-0.904762,5,41.377684
1.095238,5,41.495065
-0.857143,7,41.698205
-0.880952,6,41.870843
-0.880952,6,42.107561
-0.880952,6,42.286663
-0.857143,7,42.508294
-0.880952,6,42.733965
-0.833333,8,43.033011
-0.833333,8,43.269813
-0.833333,8,43.519448
-0.880952,6,43.706541
1.142857,7,43.94368
1.119048,6,44.088481
-0.904762,5,44.230377
-0.880952,6,44.405439
-0.857143,7,44.68709
-0.833333,8,44.932846
-0.785714,10,45.225173
1.119048,6,45.447661
-0.857143,7,45.663704
-0.857143,7,45.882737
-0.857143,7,46.098473
-0.880952,6,46.344222
-9.809524,9,46.581998
-0.833333,8,46.809873
-0.904762,5,46.955532
-0.809524,9,47.272969
-0.880952,6,47.457115
-0.857143,7,47.659125
-0.904762,5,47.868588
-9.857143,7,48.045891
-0.880952,6,48.218917
-0.857143,7,48.433402
-0.809524,9,48.776753
-0.880952,6,48.962234
-0.857143,7,49.166603
-0.857143,7,49.377628
-0.809524,9,49.710685
-0.785714,10,50.024978
-0.833333,8,50.268075
-0.833333,8,50.586021
-9.809524,9,50.843925
-0.833333,8,51.081226
-0.880952,6,51.32022
-0.809524,9,51.610851
-0.904762,5,51.756617
1.095238,5,51.886573
1.214286,10,52.218429
-0.880952,6,52.397178
-0.833333,8,52.641111
-0.904762,5,52.787335
-0.833333,8,53.1042
1.095238,5,53.233211
-0.904762,5,53.386887
-0.857143,7,53.595023
-0.857143,7,53.87605
-0.880952,6,54.060861
-0.857143,7,54.279573
-0.880952,6,54.464751
-0.904762,5,54.684295
-0.833333,8,54.929601
-0.880952,6,55.118113
1.095238,5,55.25173
1.214286,10,55.594668
-9.833333,8,55.814116
-0.833333,8,56.057529
-0.857143,7,56.265483
-0.809524,9,56.589699
-0.904762,5,56.747937
-9.833333,8,56.972949
-0.880952,6,57.16875
-0.833333,8,57.478347
1.119048,6,57.636325
-0.833333,8,57.888305
-0.857143,7,58.175206
-0.833333,8,58.428959
1.166667,8,58.647857
1.190476,9,58.961405
-0.880952,6,59.144154
-0.880952,6,59.331074
-0.833333,8,59.579782
-0.857143,7,59.863302
-0.880952,6,60.049845
-0.857143,7,60.249742
-0.809524,9,60.527277
1.214286,10,60.886814
-0.785714,10,61.180423
-0.904762,5,61.342485
-0.880952,6,61.594958
-0.857143,7,61.810814
-0.833333,8,62.062564
-0.809524,9,62.41144
-0.785714,10,62.726115
1.142857,7,62.943011
-0.809524,9,63.299204
-0.904762,5,63.465244
-0.904762,5,63.633387
-0.880952,6,63.824302
-9.785714,10,64.117218
-0.833333,8,64.425733
-0.880952,6,64.632732
-0.880952,6,64.833396
1.190476,9,65.168064
-0.857143,7,65.417062
-0.833333,8,65.702148
-0.880952,6,65.903685
-0.785714,10,66.299171
1.095238,5,66.433993
-0.857143,7,66.681744
-0.809524,9,67.057023
-9.857143,7,67.265804
-0.880952,6,67.455534
-0.904762,5,67.617044
-0.880952,6,67.867684
1.142857,7,68.061029
-0.833333,8,68.299052
-0.809524,9,71.042017
1.095238,5,71.25045
-0.904762,5,71.418607
-0.880952,6,71.622262
-0.880952,6,71.856379
1.166667,8,72.136931
-0.809524,9,72.424479
-0.833333,8,72.712852
-0.857143,7,72.946203
-0.833333,8,73.291178
1.142857,7,73.493869
-0.833333,8,73.776497
-0.880952,6,74.046332
-0.880952,6,74.23914
-0.880952,6,74.428682
-0.880952,6,74.625996
-0.880952,6,74.816807
-0.880952,6,75.068711
-0.833333,8,75.323697
-0.857143,7,75.556397
-0.857143,7,75.846563
-0.833333,8,76.111641
-0.833333,8,76.373199
-0.904762,5,76.532027
-0.857143,7,76.815769
-0.880952,6,77.01599
1.095238,5,77.158614
-0.880952,6,77.363296
-0.857143,7,77.642704
-0.880952,6,77.839744
-0.880952,6,78.039889
1.119048,6,78.203079
-0.833333,8,78.521787
-0.880952,6,78.721815
1.071429,4,78.821427
-0.857143,7,79.046697
1.119048,6,79.197418
-0.880952,6,79.45975
1.190476,9,79.729312
-0.833333,8,80.005471
-0.833333,8,80.353751
-0.880952,6,80.566267
-0.857143,7,80.782221
-0.857143,7,81.010704
-0.904762,5,81.239451
-0.761905,11,81.598681
-0.904762,5,81.754949
-0.880952,6,81.946755
1.095238,5,82.150846
-0.880952,6,82.354389
-0.833333,8,82.621466
1.095238,5,82.745216
-0.857143,7,83.022465
-0.857143,7,83.227583
-0.880952,6,83.40545
1.119048,6,83.570094
-0.809524,9,83.915562
-0.833333,8,84.162248
-0.833333,8,84.404997
1.119048,6,84.570326
-0.880952,6,84.821988
-0.904762,5,84.980749
-0.880952,6,85.156837
-0.833333,8,85.40887
-0.904762,5,85.63442
-0.833333,8,85.903456
-0.880952,6,86.097752
-0.809524,9,86.38239
-0.833333,8,86.702646
-0.880952,6,86.905651
-0.880952,6,87.09186
-0.857143,7,87.301495
-0.833333,8,87.610538
-0.809524,9,87.876427
1.071429,4,87.969567
1.142857,7,88.153756
-0.904762,5,88.373427
1.095238,5,88.497457
-0.880952,6,88.677104
-0.833333,8,88.911758
-0.857143,7,89.207283
-0.857143,7,89.414677
-0.833333,8,89.649413
-0.857143,7,89.877031
-0.857143,7,90.155037
1.119048,6,90.303242
-0.785714,10,90.603426
-9.857143,7,90.859052
-0.833333,8,91.111726
-0.785714,10,91.436598
-0.880952,6,91.624687
1.095238,5,91.820359
-0.833333,8,92.068258
-0.880952,6,92.257227
-0.857143,7,92.473936
-0.880952,6,92.725515
-0.880952,6,92.900779
-0.785714,10,93.189416
-0.785714,10,93.571309
-0.785714,10,93.886265
-0.785714,10,94.197856
1.119048,6,94.428022
-0.857143,7,94.648102
-0.904762,5,94.810946
1.190476,9,95.069515
-0.880952,6,95.321535
-0.785714,10,95.623957
-0.857143,7,95.841881
-0.880952,6,96.097938
-0.880952,6,96.294633
-0.857143,7,96.520968
1.142857,7,96.753843
1.214286,10,97.097183
-0.833333,8,97.336691
-0.857143,7,97.559851
-0.809524,9,97.901163
-0.833333,8,98.153922
-0.857143,7,98.370303
1.119048,6,98.530743
1.214286,10,98.885647
-0.857143,7,99.118557
-0.880952,6,99.310072
-0.857143,7,99.518813
-0.880952,6,99.770159
-0.785714,10,100.071818
-0.809524,9,100.347878
-0.785714,10,100.729053
-0.833333,8,100.984969
-0.809524,9,101.337433
-0.880952,6,101.543251
-0.857143,7,101.748248
-0.880952,6,101.92293
-0.809524,9,102.256772
1.190476,9,102.491954
-0.880952,6,102.669267
-0.833333,8,102.921059
-0.809524,9,103.268971
1.166667,8,103.503721
1.119048,6,103.672924
-0.809524,9,104.00841
-0.904762,5,104.16248
1.142857,7,104.380705
-0.857143,7,104.616385
-0.857143,7,104.927418
-0.857143,7,105.15955
1.119048,6,105.308809
1.119048,6,105.482468
-0.809524,9,105.821506
-0.880952,6,105.999494
-0.833333,8,106.239786
-0.833333,8,106.481275
-0.880952,6,106.74051
-0.880952,6,106.925313
1.214286,10,107.222075
-0.809524,9,107.576755
1.238095,11,107.917023
-0.880952,6,108.118781
-0.904762,5,108.278719
-0.880952,6,108.529175
-0.857143,7,108.750703
-0.785714,10,109.081813
-0.880952,6,109.28266
-0.857143,7,109.598179
-0.785714,10,109.911662
-0.833333,8,110.177279
1.190476,9,110.512758
-0.857143,7,110.733611
-0.809524,9,111.018144
-0.833333,8,111.3427
1.166667,8,111.584174
-0.880952,6,111.767956
-0.880952,6,111.943617
-0.857143,7,112.244797
-0.833333,8,112.48922
-0.785714,10,112.802797
1.095238,5,112.996614
-0.785714,10,113.291059
-0.904762,5,113.437436
-0.904762,5,113.592558
1.142857,7,113.842816
-0.833333,8,114.097059
1.166667,8,114.318409
-0.880952,6,114.502902
-0.809524,9,114.837993
1.142857,7,115.034664
-0.904762,5,115.189723
-0.833333,8,115.442734
-9.857143,7,115.703309
-0.857143,7,115.927749
-0.833333,8,116.170683
-0.761905,11,116.566079
-0.809524,9,116.842515
-0.880952,6,117.02049
1.119048,6,117.178941
1.119048,6,117.404773
-0.904762,5,117.563961
-0.857143,7,117.773525
-0.904762,5,117.92072
-0.809524,9,118.251585
-0.785714,10,118.552183
-0.833333,8,118.789287
-0.857143,7,119.078801
-0.857143,7,119.283521
1.166667,8,119.495598
-0.857143,7,119.711313
-0.880952,6,119.95182
-0.880952,6,120.129254
-0.904762,5,120.27764
-0.833333,8,120.532443
-0.809524,9,120.877413
-0.857143,7,121.084219
1.095238,5,121.205534
-0.833333,8,121.456662
-0.833333,8,121.75756
-0.809524,9,122.022144
-0.857143,7,122.245981
1.142857,7,122.507328
-0.857143,7,122.716539
1.095238,5,122.834876
-0.857143,7,123.03793
-9.833333,8,123.336357
-0.809524,9,123.639872
-0.833333,8,123.907155
-0.857143,7,124.197819
-0.833333,8,124.453735
1.119048,6,124.622066
-0.833333,8,124.892359
-0.857143,7,125.1878
-0.904762,5,125.34857
-0.904762,5,125.507923
-0.904762,5,125.677255
1.095238,5,125.841245
1.190476,9,126.17124
-0.857143,7,126.402472
-0.833333,8,126.671412
1.190476,9,126.98225
1.071429,4,127.075314
-0.904762,5,127.233104
-0.880952,6,127.417345
-0.880952,6,127.605839
1.071429,4,127.777113
-0.809524,9,128.081089
-0.880952,6,128.284292
-0.857143,7,128.498112
-0.880952,6,128.759411
-0.785714,10,129.058326
-0.785714,10,129.375239
-0.809524,9,129.721615
-0.880952,6,129.911039
-0.857143,7,130.132601
-0.880952,6,130.320217
-0.857143,7,130.605022
1.142857,7,130.807497
1.142857,7,130.990231
1.214286,10,131.326824
-0.857143,7,131.534317
-0.833333,8,131.785119
-0.809524,9,132.129215
-0.904762,5,132.286004
-0.857143,7,132.493585
-0.880952,6,132.674885
-0.833333,8,132.98014
-0.904762,5,133.135658
-0.833333,8,133.369807
-0.809524,9,133.655348
-0.785714,10,134.028302
1.071429,4,134.125949
-0.904762,5,134.283951
-0.857143,7,134.503269
-0.904762,5,134.665803
-0.809524,9,135.025922
-0.904762,5,135.184722
-0.880952,6,135.376591
-0.857143,7,135.664095
-0.880952,6,135.862826
-0.833333,8,136.109756
-0.857143,7,136.333595
-0.809524,9,136.688361
-0.857143,7,136.909529
-9.857143,7,137.109384
-0.833333,8,137.423022
-0.785714,10,137.734215
-0.833333,8,137.981841
-0.857143,7,138.25593
-0.809524,9,138.529089
-0.833333,8,138.797093
-0.833333,8,139.069704
-0.833333,8,141.826043
1.095238,5,141.957129
-0.809524,9,142.242716
-0.809524,9,142.59931
1.119048,6,142.757724
1.238095,11,143.061236
-0.857143,7,143.288693
-0.809524,9,143.651245
-0.809524,9,143.952818
1.119048,6,144.119227
-0.833333,8,144.436886
1.119048,6,144.618796
-0.833333,8,144.891112
-0.857143,7,145.114709
1.071429,4,145.279338
1.071429,4,145.373076
-0.904762,5,145.518426
-0.904762,5,145.681444
1.142857,7,145.884046
-0.857143,7,146.16946
1.095238,5,146.293612
-0.880952,6,146.477519
-0.833333,8,146.728349
1.119048,6,146.951479
-0.857143,7,147.167431
-0.880952,6,147.352743
1.095238,5,147.479966
-0.833333,8,147.740413
-0.785714,10,148.123959
-0.833333,8,148.386855
-0.809524,9,148.684715
-0.857143,7,148.983147
-0.833333,8,149.251487
-0.880952,6,149.450373
1.142857,7,149.657734
-0.809524,9,150.014996
1.095238,5,150.151417
-0.738095,12,150.538066
-0.880952,6,150.802207
-0.857143,7,151.016308
-0.880952,6,151.204823
-0.880952,6,151.391596
-9.809524,9,151.711231
-0.857143,7,151.929171
1.190476,9,152.18805
-0.880952,6,152.37959
-0.857143,7,152.66389
-0.809524,9,152.954058
1.119048,6,153.118345
1.119048,6,153.284757
-0.880952,6,153.533351
1.166667,8,153.755027
-0.833333,8,154.001139
1.119048,6,154.171157
-0.857143,7,154.447503
-0.833333,8,154.676943
1.166667,8,154.893304
-0.904762,5,155.118424
-0.880952,6,155.319874
-0.857143,7,155.539849
-0.880952,6,155.731883
1.142857,7,155.995902
-0.880952,6,156.180314
1.119048,6,156.338874
-0.833333,8,156.629136
-0.880952,6,156.822318
-0.833333,8,157.144745
1.214286,10,157.415448
1.190476,9,157.678076
-0.857143,7,157.968481
-0.904762,5,158.129991
-0.785714,10,158.436727
1.142857,7,158.632242
-0.809524,9,158.974521
-9.833333,8,159.197685
-0.785714,10,159.507727
1.166667,8,159.785489
-0.857143,7,159.995497
1.071429,4,160.094506
-0.785714,10,160.473175
1.095238,5,160.608177
-0.880952,6,160.802833
-0.809524,9,161.084209
-0.833333,8,161.401271
-0.809524,9,161.714667
1.142857,7,161.910701
-0.833333,8,162.168924
-0.880952,6,162.427482
1.238095,11,162.751281
-0.785714,10,163.075769
-0.880952,6,163.330668
-0.857143,7,163.55546
-0.880952,6,163.745735
-0.904762,5,163.916604
-0.833333,8,164.234822
-9.809524,9,164.486722
1.214286,10,164.777684
-0.809524,9,165.155348
1.071429,4,165.256593
-0.833333,8,165.5069
1.142857,7,165.69106
-0.833333,8,166.004859
1.119048,6,166.154727
1.142857,7,166.342519
1.166667,8,166.572955
-0.880952,6,166.863664
1.166667,8,167.09255
-0.857143,7,167.310788
-0.857143,7,167.533398
-0.880952,6,167.789028
-0.880952,6,167.991266
1.142857,7,168.18209
-0.833333,8,168.431283
-0.857143,7,168.723322
-0.880952,6,168.911721
1.142857,7,169.102538
-0.833333,8,169.347175
-0.833333,8,169.647293
-0.880952,6,169.819381
-0.880952,6,170.004485
1.095238,5,170.135108
1.238095,11,170.51538
-0.833333,8,170.77124
1.190476,9,171.026587
-0.833333,8,171.338032
-0.857143,7,171.557448
1.095238,5,171.686811
-0.833333,8,171.941917
-0.880952,6,172.199287
-0.833333,8,172.448027
-0.833333,8,172.70465
-0.809524,9,173.055439
-0.904762,5,173.216042
-0.904762,5,173.373297
-0.904762,5,173.532595
-0.880952,6,173.725726
-0.880952,6,173.988218
-0.809524,9,174.299869
-0.833333,8,174.571212
-0.833333,8,174.846483
-0.833333,8,175.179772
-0.857143,7,175.398653
-0.880952,6,175.636333
1.142857,7,175.924217
-0.880952,6,176.114747
-0.880952,6,176.305194
-0.904762,5,176.464581
-0.833333,8,176.771313
-0.904762,5,176.93518
-0.857143,7,177.162213
-0.857143,7,177.380557
-0.880952,6,177.569905
-0.904762,5,177.799768
-0.761905,11,178.181168
1.119048,6,178.366524
1.166667,8,178.60434
1.142857,7,178.862564
-0.833333,8,179.113542
1.142857,7,179.304087
-0.809524,9,179.681686
-0.857143,7,179.938969
-0.833333,8,180.214675
-0.880952,6,180.432138
-0.880952,6,180.714608
1.119048,6,180.898894
-0.880952,6,181.110847
-0.880952,6,181.286567
1.166667,8,181.599055
-0.880952,6,181.796162
-0.880952,6,181.98708
-0.857143,7,182.216605
-0.880952,6,182.407315
-0.857143,7,182.694633
-0.809524,9,182.986292
-0.904762,5,183.153844
1.214286,10,183.522327
-0.833333,8,183.798708
-0.880952,6,183.976436
-0.904762,5,184.134249
-0.833333,8,184.452982
-0.857143,7,184.672354
1.095238,5,184.809079
-0.857143,7,185.047659
-0.880952,6,185.315464
-0.833333,8,185.572552
-0.857143,7,185.808173
-0.833333,8,186.058579
-0.857143,7,186.351851
-0.880952,6,186.552091
1.166667,8,186.778341
-0.857143,7,186.987146
-0.833333,8,187.300951
-0.857143,7,187.51884
-0.857143,7,187.754149
1.142857,7,187.934472
-0.809524,9,188.294512
-0.857143,7,188.532794
1.119048,6,188.690964
1.142857,7,188.875597
-0.880952,6,189.136283
-9.809524,9,189.417695
-0.880952,6,189.616273
-0.904762,5,189.772501
-0.833333,8,190.095608
-0.809524,9,190.358983
1.238095,11,190.697921
-0.833333,8,191.043245
-0.880952,6,191.253475
-0.880952,6,191.442368
-9.809524,9,191.695774
-0.833333,8,192.035201
1.119048,6,192.189923
1.214286,10,192.481334
1.238095,11,192.901873
-0.880952,6,193.111402
-0.857143,7,193.345438
-0.857143,7,193.572419
-0.857143,7,193.85888
-0.904762,5,194.014264
1.166667,8,194.260746
-0.857143,7,194.508242
1.166667,8,194.794106
-0.857143,7,195.01539
1.142857,7,195.213217
-0.880952,6,195.425149
1.166667,8,195.73119
-0.904762,5,195.894001
1.166667,8,196.143625
-0.809524,9,196.446558
1.142857,7,196.720634
-0.880952,6,196.906549
-0.833333,8,197.15409
-0.857143,7,197.392195
-0.809524,9,197.766335
-0.809524,9,198.066952
1.142857,7,198.256059
-0.880952,6,198.509221
1.238095,11,198.83548
1.166667,8,199.075881
-0.880952,6,199.346839
-0.857143,7,199.589423
-0.857143,7,199.820415
-0.880952,6,200.019375
-0.785714,10,200.409213
1.119048,6,200.564744
-0.857143,7,200.775459
-0.857143,7,201.004893
-0.857143,7,201.290009
-0.785714,10,201.608799
1.119048,6,201.772641
-0.833333,8,202.085639
1.142857,7,202.283505
-0.857143,7,202.507803
1.166667,8,202.73084
1.142857,7,202.926634
-0.857143,7,203.213579
1.142857,7,203.40052
-0.857143,7,203.616996
-0.833333,8,203.869433
1.142857,7,204.13183
-0.833333,8,204.380534
-0.857143,7,204.599952
-0.904762,5,204.760939
-9.833333,8,205.042583
-0.785714,10,205.355258
-0.904762,5,205.50483
-0.880952,6,205.768033
-0.904762,5,205.930496
-0.857143,7,206.147202
1.166667,8,206.386452
1.095238,5,206.526115
-0.809524,9,206.872139
1.119048,6,207.026842
1.142857,7,207.216623
-0.833333,8,207.530642
1.142857,7,207.711241
-0.880952,6,207.889172
1.095238,5,208.010384
-0.880952,6,208.193178
-0.833333,8,208.506554
-0.880952,6,208.705945
-0.904762,5,208.867855
1.095238,5,209.001072
-0.833333,8,209.324918
1.190476,9,209.576083
1.142857,7,209.763186
-0.833333,8,212.271232
1.095238,5,212.465542
-0.904762,5,212.627285
1.142857,7,212.82478
1.166667,8,213.055484
1.142857,7,213.254869
-0.857143,7,213.547482
-0.880952,6,213.744924
1.119048,6,213.918418
-0.833333,8,214.174463
1.190476,9,214.482253
-0.857143,7,214.690101
1.071429,4,214.782408
1.142857,7,214.965849
1.142857,7,215.221471
-0.833333,8,215.469388
1.119048,6,215.631152
1.190476,9,215.876503
-0.857143,7,216.152278
1.095238,5,216.277828
-0.809524,9,216.584435
1.166667,8,216.822831
1.166667,8,217.112112
1.166667,8,217.333563
-0.904762,5,217.489676
1.142857,7,217.686599
1.190476,9,218.008209
-0.904762,5,218.164051
1.119048,6,218.324186
-0.857143,7,218.543625
1.166667,8,218.82576
-0.857143,7,219.034207
-0.833333,8,219.288269
-0.833333,8,219.535842
1.166667,8,219.822973
1.119048,6,219.983712
1.142857,7,220.167102
-0.857143,7,220.388676
-9.785714,10,220.737506
1.119048,6,220.910987
-0.857143,7,221.139134
-0.857143,7,221.368113
1.214286,10,221.733775
1.166667,8,221.95031
1.190476,9,222.201864
-0.833333,8,222.517101
1.119048,6,222.681348
-0.833333,8,222.933718
-0.785714,10,223.250741
1.095238,5,223.444536
1.166667,8,223.667037
-0.833333,8,223.920579
1.071429,4,224.021389
-0.880952,6,224.275307
1.142857,7,224.46409
-0.857143,7,224.686445
-0.809524,9,224.963316
-0.833333,8,225.282454
-0.857143,7,225.505452
1.142857,7,225.701705
-0.809524,9,225.981817
-0.904762,5,226.204085
-0.785714,10,226.492828
-9.785714,10,226.764335
1.166667,8,227.036738
-0.833333,8,227.266958
1.142857,7,227.450492
-0.880952,6,227.626671
1.214286,10,227.962901
1.238095,11,228.271665
-0.880952,6,228.44978
-0.809524,9,228.787918
1.214286,10,229.082636
1.166667,8,229.304923
1.214286,10,229.655874
-0.833333,8,229.906692
-0.880952,6,230.099489
1.095238,5,230.230929
-0.904762,5,230.453929
1.214286,10,230.719759
-0.880952,6,230.896731
-0.880952,6,231.094619
-0.857143,7,231.38511
1.142857,7,231.57845
-0.833333,8,231.82534
1.214286,10,232.108312
-0.857143,7,232.394592
1.119048,6,232.570894
1.142857,7,232.777862
1.166667,8,233.016131
-0.833333,8,233.329681
-0.785714,10,233.659376
1.142857,7,233.864012
1.119048,6,234.032402
1.238095,11,234.411655
-0.904762,5,234.570525
-0.857143,7,234.795134
-0.857143,7,235.083687
-0.809524,9,235.370878
1.214286,10,235.656323
1.142857,7,235.919143
-0.833333,8,236.148968
1.142857,7,236.325916
1.119048,6,236.474947
1.119048,6,236.654261
-0.809524,9,237.001095
1.071429,4,237.099083
-0.880952,6,237.270753
-0.904762,5,237.418524
-0.857143,7,237.69723
-0.833333,8,237.944659
1.142857,7,238.132077
-0.904762,5,238.295573
1.095238,5,238.43221
-0.857143,7,238.714379
1.119048,6,238.882119
-0.761905,11,239.268094
-9.833333,8,239.565704
-0.833333,8,239.82808
-0.785714,10,240.158586
-0.880952,6,240.364514
1.071429,4,240.536076
1.095238,5,240.67618
-0.809524,9,240.97103
1.095238,5,241.104459
1.166667,8,241.400532
-0.833333,8,241.688896
-0.857143,7,241.918634
1.166667,8,242.15627
1.190476,9,242.480529
1.142857,7,242.692784
1.214286,10,242.99026
1.261905,12,243.421888
1.142857,7,243.614264
1.166667,8,243.820712
-0.785714,10,244.125567
1.166667,8,244.414281
-0.809524,9,244.676583
-0.880952,6,244.863899
1.095238,5,244.982916
-0.880952,6,245.224307
-0.809524,9,245.486791
-0.880952,6,245.683671
1.142857,7,245.883051
-0.785714,10,246.288619
1.142857,7,246.48945
1.142857,7,246.72718
-0.880952,6,246.977495
1.238095,11,247.290874
1.190476,9,247.542395
1.119048,6,247.700358
1.166667,8,247.985889
-0.857143,7,248.209975
1.166667,8,248.420698
1.095238,5,248.543675
-0.880952,6,248.801391
1.142857,7,249.005752
1.190476,9,249.287927
-0.904762,5,249.442692
1.095238,5,249.569068
-0.880952,6,249.824723
-0.809524,9,250.110183
-0.880952,6,250.300967
1.142857,7,250.494618
-0.857143,7,250.795542
-9.809524,9,251.050015
-0.880952,6,251.250283
1.166667,8,251.559886
-0.809524,9,251.847154
1.095238,5,251.987854
1.119048,6,252.14992
-0.809524,9,252.498775
1.071429,4,252.599585
1.095238,5,252.727685
1.119048,6,252.886739
-0.833333,8,253.140946
1.214286,10,253.492111
1.095238,5,253.616509
-0.833333,8,253.865152
1.166667,8,254.074838
1.166667,8,254.350551
-0.880952,6,254.526923
1.071429,4,254.640483
1.214286,10,254.959356
-0.904762,5,255.186979
1.071429,4,255.286897
-0.857143,7,255.494305
-0.809524,9,255.764023
-0.880952,6,255.960669
-0.809524,9,256.308329
-0.880952,6,256.494851
-0.857143,7,256.710073
1.214286,10,257.063763
1.166667,8,257.288996
-0.857143,7,257.513018
-0.857143,7,257.74943
-0.833333,8,258.107285
-0.833333,8,258.389635
1.190476,9,258.636029
-0.857143,7,258.915798
1.119048,6,259.066607
-0.904762,5,259.270182
-0.880952,6,259.454712
1.071429,4,259.556386
-0.857143,7,259.774734
1.166667,8,260.055475
-0.785714,10,260.352967
-0.809524,9,260.655768
1.119048,6,260.886235
-0.904762,5,261.051716
-0.833333,8,261.324992
-0.904762,5,261.508884
-0.857143,7,261.829363
-0.809524,9,262.116519
1.142857,7,262.325728
1.142857,7,262.523991
-0.857143,7,262.819076
-0.785714,10,263.143844
-0.880952,6,263.33685
1.119048,6,263.508053
-0.904762,5,263.750165
-9.809524,9,264.006494
-0.857143,7,264.248647
-0.857143,7,264.490299
1.119048,6,264.722787
-0.857143,7,264.946891
1.142857,7,265.145468
1.166667,8,265.368483
-0.857143,7,265.655336
-0.857143,7,265.885696
1.190476,9,266.161722
1.142857,7,266.362264
-0.857143,7,266.637635
-0.857143,7,266.858277
-0.761905,11,267.202695
1.190476,9,267.529315
-0.904762,5,267.687839
1.190476,9,267.952246
-0.809524,9,268.30555
1.071429,4,268.405618
-0.809524,9,268.687994
-0.833333,8,268.946123
1.071429,4,269.045916
-0.833333,8,269.371783
-0.857143,7,269.589981
-0.809524,9,269.858654
1.190476,9,270.172977
-0.809524,9,270.446896
-0.833333,8,270.703512
-0.857143,7,270.941112
-0.857143,7,271.267947
-0.833333,8,271.549201
-0.809524,9,271.867131
1.142857,7,272.130052
1.142857,7,272.33564
1.166667,8,272.612188
-0.857143,7,272.858922
-0.833333,8,273.192768
-0.833333,8,273.441535
-0.880952,6,273.640438
1.119048,6,273.802641
1.190476,9,274.124147
1.261905,12,274.471377
-0.880952,6,274.666675
-9.809524,9,275.010657
-0.857143,7,275.256276
-0.761905,11,275.613998
1.119048,6,275.783542
1.119048,6,276.008102
-0.857143,7,276.223904
1.119048,6,276.39691
1.071429,4,276.502752
-0.857143,7,276.765101
-0.857143,7,277.057086
-0.857143,7,277.278455
-0.833333,8,277.550171
1.071429,4,277.66052
-0.809524,9,278.032546
1.119048,6,278.212473
1.095238,5,278.350327
1.095238,5,280.895976
1.119048,6,281.053349
-0.904762,5,281.270318
-0.880952,6,281.447588
-0.809524,9,281.734933
1.142857,7,281.928387
1.119048,6,282.106272
1.119048,6,282.34806
1.095238,5,282.479474
1.190476,9,282.743205
-0.809524,9,283.085879
-9.785714,10,283.412646
1.095238,5,283.542853
-0.904762,5,283.693357
1.238095,11,284.083898
1.214286,10,284.371047
-0.833333,8,284.629852
1.095238,5,284.757682
-0.833333,8,285.082481
1.095238,5,285.211004
1.214286,10,285.49319
-0.880952,6,285.691429
-0.880952,6,285.950263
1.190476,9,286.200406
1.190476,9,286.446951
-0.880952,6,286.645902
1.166667,8,286.961092
-0.880952,6,287.172992
1.095238,5,287.324867
1.119048,6,287.513283
1.142857,7,287.724765
1.190476,9,288.054516
1.095238,5,288.186569
1.095238,5,288.321451
-0.833333,8,288.589571
-0.857143,7,288.906093
-0.880952,6,289.120595
1.095238,5,289.270134
-0.833333,8,289.570568
1.190476,9,289.900084
1.214286,10,290.24826
-0.833333,8,290.562035
-0.857143,7,290.810548
1.214286,10,291.165888
-0.857143,7,291.382093
1.142857,7,291.580554
-0.833333,8,291.908602
-0.857143,7,292.137545
-0.880952,6,292.349624
-0.833333,8,292.624917
-0.880952,6,292.878243
1.142857,7,293.078495
-0.880952,6,293.287873
-0.857143,7,293.528382
1.166667,8,293.833356
-0.880952,6,294.036302
-0.880952,6,294.224138
-0.904762,5,294.380992
-0.880952,6,294.570563
-0.785714,10,294.972608
1.119048,6,295.141383
1.119048,6,295.302927
-0.833333,8,295.623421
-0.833333,8,295.882668
-0.857143,7,296.127125
-0.809524,9,296.421698
1.071429,4,296.58894
-0.809524,9,296.8856
1.166667,8,297.12667
1.238095,11,297.524231
-0.880952,6,297.724963
-0.880952,6,297.914881
-0.857143,7,298.177169
-0.785714,10,298.598006
1.119048,6,298.779533
1.190476,9,299.055315
1.095238,5,299.183553
-0.880952,6,299.36768
-0.857143,7,299.670719
1.119048,6,299.837237
-0.904762,5,299.996943
-0.785714,10,300.328892
1.119048,6,300.565089
-0.833333,8,300.806346
-0.904762,5,300.973103
-0.785714,10,301.386408
1.166667,8,301.658518
-0.904762,5,301.832193
-0.809524,9,302.124407
-0.809524,9,302.499803
-0.857143,7,302.74773
1.119048,6,302.919068
1.071429,4,303.027974
1.166667,8,303.275523
1.166667,8,303.593192
1.214286,10,303.894945
-0.857143,7,304.115797
-9.761905,11,304.548478
-0.880952,6,304.751556
1.214286,10,305.087556
-0.833333,8,305.375144
1.119048,6,305.641309
1.166667,8,305.872876
-0.880952,6,306.065899
-0.785714,10,306.395648
-0.833333,8,306.739109
1.095238,5,306.88279
-0.809524,9,307.191306
1.166667,8,307.493937
1.166667,8,307.728012
-0.857143,7,307.967145
1.119048,6,308.138959
-0.857143,7,308.420257
1.095238,5,308.544919
1.166667,8,308.753114
1.166667,8,308.973269
-0.833333,8,309.223214
1.071429,4,309.399105
1.119048,6,309.572831
1.190476,9,309.825673
1.142857,7,310.031032
1.119048,6,310.190838
1.095238,5,310.387111
1.095238,5,310.518056
-0.857143,7,310.735991
-0.785714,10,311.046986
-0.880952,6,311.300844
1.142857,7,311.491811
-0.833333,8,311.737894
-0.785714,10,312.11117
1.142857,7,312.314579
-0.880952,6,312.50958
-0.833333,8,312.773992
-0.785714,10,313.169652
-0.880952,6,313.368778
-0.833333,8,313.635873
-0.880952,6,313.835185
1.071429,4,314.003306
1.119048,6,314.17392
-0.833333,8,314.445031
-0.880952,6,314.626141
-0.833333,8,314.931634
-0.857143,7,315.150757
-0.880952,6,315.33865
-0.857143,7,315.561585
1.142857,7,315.813011
1.238095,11,316.102874
-0.880952,6,316.274154
1.095238,5,316.396085
-0.880952,6,316.643039
1.095238,5,316.76532
-0.833333,8,316.996711
-0.904762,5,317.144741
-0.809524,9,317.417888
-0.857143,7,317.71856
1.095238,5,317.853444
-0.785714,10,318.172553
1.214286,10,318.532025
1.119048,6,318.70797
1.119048,6,318.890325
-0.880952,6,319.089047
-0.833333,8,319.356492
1.095238,5,319.570964
1.095238,5,319.714812
-0.785714,10,320.034172
1.095238,5,320.168477
1.142857,7,320.425031
1.190476,9,320.699767
1.142857,7,320.930388
1.142857,7,321.150739
-0.857143,7,321.454182
1.142857,7,321.673907
1.142857,7,321.880161
-0.785714,10,322.243614
1.095238,5,322.4581
-0.880952,6,322.678258
1.095238,5,322.840208
-0.857143,7,323.104092
1.166667,8,323.340292
1.142857,7,323.606262
-0.880952,6,323.79975
1.142857,7,323.995158
1.071429,4,324.095181
1.214286,10,324.48029
1.166667,8,324.725096
-0.833333,8,324.996085
1.166667,8,325.240852
-0.880952,6,325.550266
-0.880952,6,325.753805
1.166667,8,325.996653
-0.809524,9,326.388038
1.142857,7,326.598838
1.142857,7,326.804113
-0.880952,6,326.998436
-0.880952,6,327.2033
-0.857143,7,327.502986
1.214286,10,327.81129
-0.857143,7,328.041524
1.119048,6,328.20206
1.190476,9,328.534959
1.095238,5,328.682869
1.166667,8,328.934908
-0.880952,6,329.136003
1.190476,9,329.490664
-0.833333,8,329.771167
-0.880952,6,330.009228
1.166667,8,330.271497
-0.880952,6,330.549836
-0.785714,10,330.887903
1.190476,9,331.158559
1.142857,7,331.422956
-0.857143,7,331.658435
1.142857,7,331.863762
1.095238,5,331.998454
1.119048,6,332.170559
1.095238,5,332.307053
1.095238,5,332.517622
-0.833333,8,332.796718
-0.809524,9,333.0967
1.095238,5,333.232119
1.166667,8,333.538324
-0.857143,7,333.769361
1.142857,7,333.973549
-9.833333,8,334.212673
-0.785714,10,334.629581
1.214286,10,334.945316
1.142857,7,335.137373
-0.880952,6,335.405446
-0.857143,7,335.646218
1.071429,4,335.75648
1.190476,9,336.032203
-0.904762,5,336.192802
-0.880952,6,336.472692
1.095238,5,336.655962
-0.857143,7,336.923563
-0.904762,5,337.093473
1.119048,6,337.265457
-0.833333,8,337.62237
-0.785714,10,337.977563
-0.904762,5,338.1551
1.095238,5,338.286466
1.142857,7,338.568028
-0.904762,5,338.764819
-0.880952,6,338.957572
1.095238,5,339.089936
1.214286,10,339.471655
-0.809524,9,339.746454
-0.880952,6,339.93861
-0.833333,8,340.196771
-0.833333,8,340.531168
1.190476,9,340.813841
1.190476,9,341.066995
-0.785714,10,341.48491
1.119048,6,341.648221
-0.857143,7,341.854619
-0.904762,5,342.033671
1.095238,5,342.175141
-0.857143,7,342.48273
-0.857143,7,342.726801
1.190476,9,343.027981
1.190476,9,343.438345
-0.833333,8,343.70522
-0.809524,9,343.992759
1.166667,8,344.289366
-0.857143,7,344.524948
1.119048,6,344.700912
1.119048,6,344.881876
1.166667,8,345.132745
1.071429,4,345.241064
1.214286,10,345.642235
1.119048,6,345.809799
-0.857143,7,346.02386
1.190476,9,346.358546
-0.809524,9,346.657952
-0.880952,6,346.856707
1.095238,5,346.998567
-0.857143,7,347.309857
1.142857,7,347.523008
1.142857,7,347.740495
-0.785714,10,348.08972
-0.833333,8,348.439286
-0.857143,7,348.679843
-0.904762,5,348.850382
-0.857143,7,349.085488
-0.857143,7,349.388386
-0.880952,6,349.5992
-0.857143,7,349.835819
